modelo,accuracy,precision,recall,f1,roc_auc
Logistic Regression,0.9966666666666667,0.9933333333333333,0.9933333333333333,0.9933333333333333,0.9999703703703704
Gradient Boosting,0.99,0.98,0.98,0.98,0.9996592592592592
Random Forest,0.9883333333333333,0.9863945578231292,0.9666666666666667,0.9764309764309764,0.9997037037037038
